Date,Room Nights,Meal Plan,Room Category,Length of Stay,ADR,Month,Seasonality,Day of Week,Weekend Flag,Channel Name_Booking.com,Channel Name_Ctrip,Channel Name_DOTW,Channel Name_Expedia,Channel Name_HRS,Channel Name_MG Jarvis,Channel Name_Mikitravel,Channel Name_Sunhotels,Channel Name_Traveloka,Channel Name_Trip.com V2,Channel Name_hotusa,Channel Name_hyperguest,Channel Name_kliknbook,Channel Name_metglobal,Channel Name_opengds,Channel Name_synxisxml,Channel Name_tbo,Channel Name_tiket,Channel Name_travelokav2,Revenue
2024-01-01,1,1,2,1.0,850000.0,1.0,1.0,1.0,0.0,0,0,0,0,0,0,0,0,1,0,0,0,0,0,0,0,0,0,0,850000.0
2024-01-02,45,5,63,45.0,13921523.80952381,1.0,1.0,5.0,0.0,1,0,0,1,0,1,1,0,5,0,0,0,2,0,0,0,0,0,0,41640000.0
2024-01-03,26,6,81,26.0,15901666.666666666,1.0,1.0,6.0,0.0,1,0,0,1,0,2,1,1,5,0,0,0,2,0,0,1,0,1,0,24745000.0
2024-01-04,22,1,54,22.0,14528341.857142856,1.0,1.0,4.0,0.0,0,0,0,2,0,1,0,0,3,0,1,0,2,0,0,1,0,0,0,27391199.0
2024-01-05,28,1,33,28.0,8049227.2727272725,1.0,1.0,0.0,1.0,0,0,0,0,0,1,0,0,2,0,1,0,3,0,0,1,0,0,0,28946500.0
2024-01-06,5,3,16,5.0,4475750.0,1.0,1.0,2.0,1.0,0,0,0,1,0,0,0,0,1,0,0,0,0,0,0,1,0,1,0,5796500.0
2024-01-07,19,3,60,19.0,12655150.0,1.0,1.0,3.0,0.0,1,0,0,2,0,0,1,1,3,0,0,0,0,0,0,1,0,1,0,19538450.0
2024-01-08,18,0,33,18.0,7966190.476190477,1.0,1.0,1.0,0.0,0,0,0,0,0,1,0,0,4,0,1,0,0,0,0,0,0,1,0,20813000.0
2024-01-09,24,4,90,24.0,19341251.71,1.0,1.0,5.0,0.0,0,1,0,2,0,0,2,1,2,0,0,0,3,0,0,1,0,0,0,28596254.01
2024-01-10,37,5,91,37.0,18390894.447142858,1.0,1.0,6.0,0.0,2,1,0,2,0,0,0,3,3,0,1,0,0,0,0,2,0,1,0,42664006.36
2024-01-11,15,2,34,15.0,15292000.0,1.0,1.0,4.0,0.0,0,0,0,0,0,0,1,1,4,0,0,0,3,0,0,0,0,1,0,19337000.0
2024-01-12,44,0,62,44.0,14732185.222683983,1.0,1.0,0.0,1.0,1,1,0,1,0,0,1,2,3,0,1,0,0,0,0,0,0,1,0,45944502.480000004
2024-01-13,24,2,45,24.0,12611001.24,1.0,1.0,2.0,1.0,1,1,0,1,0,0,1,0,3,0,2,0,1,0,0,0,0,0,0,23422001.48
2024-01-14,14,1,35,14.0,8254501.0,1.0,1.0,3.0,0.0,1,0,0,2,0,0,0,0,2,0,0,0,2,0,0,0,0,0,0,17057001.0
2024-01-15,46,0,46,46.0,12683150.56862745,1.0,1.0,1.0,0.0,0,2,0,1,0,0,0,0,3,0,0,0,3,0,0,0,0,0,0,65133937.0
2024-01-16,44,3,45,44.0,13579353.273636363,1.0,1.0,5.0,0.0,1,0,0,1,0,1,0,0,3,0,0,0,1,0,0,2,0,0,0,50195751.01
2024-01-17,48,2,54,48.0,16681250.383333333,1.0,1.0,6.0,0.0,0,0,0,1,0,2,0,0,3,0,2,0,2,0,0,1,0,1,0,56003034.1
2024-01-18,42,0,74,42.0,19192918.666666668,1.0,1.0,4.0,0.0,0,0,0,4,0,1,1,0,5,0,1,0,2,0,0,0,0,0,0,48591505.0
2024-01-19,27,3,33,27.0,12311467.333333334,1.0,1.0,0.0,1.0,0,1,0,1,0,1,0,1,1,0,0,0,2,0,0,2,0,1,0,28901902.0
2024-01-20,15,0,12,15.0,5712500.0,1.0,1.0,2.0,1.0,0,0,0,0,0,2,0,0,2,0,0,0,1,0,0,0,0,0,0,17400000.0
2024-01-21,17,1,20,17.0,6605124.9425,1.0,1.0,3.0,0.0,0,0,0,0,0,0,0,0,2,0,0,0,0,0,0,1,0,1,0,18932999.77
2024-01-22,38,3,46,38.0,12635331.470666667,1.0,1.0,1.0,0.0,0,1,0,1,0,0,0,0,3,0,0,0,1,0,0,1,0,2,0,43375589.019999996
2024-01-23,56,3,89,56.0,23438596.112087913,1.0,1.0,5.0,0.0,0,1,0,2,0,3,0,1,5,0,0,0,3,0,0,1,0,1,0,66455537.0
2024-01-24,24,4,38,24.0,13662333.333333334,1.0,1.0,6.0,0.0,1,0,0,0,0,0,0,1,3,0,1,0,1,0,0,2,0,0,0,27378000.0
2024-01-25,16,6,35,16.0,13309999.485,1.0,1.0,4.0,0.0,2,0,0,0,0,1,0,1,4,0,1,0,0,0,0,1,0,0,0,17313999.46
2024-01-26,55,6,63,55.0,20892543.666666668,1.0,1.0,0.0,1.0,0,0,0,2,0,2,1,1,5,0,0,0,3,0,0,1,2,0,0,58052004.0
2024-01-27,37,6,69,37.0,17067084.253333334,1.0,1.0,2.0,1.0,0,0,0,3,0,1,0,0,6,0,0,0,1,0,0,1,0,0,0,39292000.76
2024-01-28,32,4,48,32.0,11882357.214285715,1.0,1.0,3.0,0.0,0,0,0,1,0,0,0,1,4,0,1,0,2,0,0,2,0,0,0,32911500.5
2024-01-29,66,6,90,66.0,20161247.95904762,1.0,1.0,1.0,0.0,1,2,0,2,0,2,0,0,5,0,0,0,2,0,0,2,0,0,0,71501504.68
2024-01-30,77,6,110,77.0,26467883.596153848,1.0,1.0,5.0,0.0,1,0,0,2,0,3,0,0,7,0,3,0,2,0,0,1,0,1,0,94283943.0
2024-01-31,27,5,63,27.0,17994133.133333333,1.0,1.0,6.0,0.0,0,2,0,1,0,0,0,0,4,0,0,0,2,0,0,4,0,0,0,29751999.6
2024-02-01,42,6,51,42.0,14196888.733333334,2.0,1.0,4.0,0.0,0,0,0,1,0,1,0,0,1,0,0,0,2,0,0,3,0,1,0,43223346.1
2024-02-02,38,4,26,38.0,10527875.5,2.0,1.0,0.0,1.0,0,0,0,0,0,2,0,1,2,0,0,0,3,0,0,0,0,0,0,39312500.5
2024-02-03,37,7,70,37.0,18988129.438095238,2.0,1.0,2.0,1.0,1,1,0,3,0,1,1,0,2,0,0,0,4,0,0,1,0,0,0,38320997.9
2024-02-04,25,4,62,25.0,15594333.333333334,2.0,1.0,3.0,0.0,0,1,0,1,0,0,0,1,5,0,0,0,1,0,0,0,0,2,0,27507000.0
2024-02-05,50,3,58,50.0,17907167.53333333,2.0,1.0,1.0,0.0,0,0,0,2,0,2,1,1,7,0,0,0,1,0,0,0,0,0,0,53472000.2
2024-02-06,37,6,63,37.0,17953120.5,2.0,1.0,5.0,0.0,0,1,0,1,0,3,0,1,5,0,0,0,4,0,0,1,0,0,0,37491982.0
2024-02-07,60,6,75,60.0,17719479.755555555,2.0,1.0,6.0,0.0,0,1,0,1,0,1,1,1,3,0,0,0,1,0,0,3,0,1,0,58512501.6
2024-02-08,81,8,131,81.0,26140251.166666668,2.0,1.0,4.0,0.0,0,0,0,1,0,0,1,1,7,0,0,0,8,0,0,3,0,1,0,80137501.5
2024-02-09,68,7,111,68.0,21222848.0,2.0,1.0,0.0,1.0,0,0,0,2,0,0,0,0,4,0,0,0,4,0,0,5,0,1,0,66313998.0
2024-02-10,25,8,100,25.0,17531500.5,2.0,1.0,2.0,1.0,1,0,0,1,0,0,1,0,5,0,0,0,2,0,0,2,0,0,0,25334000.5
2024-02-11,22,4,32,22.0,9451700.6,2.0,1.0,3.0,0.0,0,0,0,1,0,0,0,0,5,0,0,0,0,0,0,1,0,0,0,22221003.0
2024-02-12,15,1,31,15.0,7905599.96,2.0,1.0,1.0,0.0,0,0,0,0,0,2,1,0,2,0,0,0,1,0,0,0,0,0,0,15035999.8
2024-02-13,58,5,43,58.0,14901699.34,2.0,1.0,5.0,0.0,0,0,0,0,0,2,0,1,3,0,0,0,3,0,0,0,0,0,0,57738998.7
2024-02-14,29,5,28,29.0,9747499.0,2.0,1.0,6.0,0.0,1,0,0,2,0,0,0,0,2,0,1,0,0,0,0,1,1,0,0,27649995.0
2024-02-15,71,8,59,71.0,17039413.970588237,2.0,1.0,4.0,0.0,0,0,0,2,0,3,0,1,4,0,0,0,4,0,0,1,0,0,0,68201975.5
2024-02-16,112,8,91,112.0,21645301.70050505,2.0,1.0,0.0,1.0,0,3,0,3,0,1,1,1,4,0,0,0,5,0,0,2,0,0,0,112128894.8
2024-02-17,67,8,104,67.0,23343583.583333332,2.0,1.0,2.0,1.0,1,0,0,1,0,3,2,1,6,0,0,0,2,0,0,3,0,0,0,71611001.0
2024-02-18,29,4,39,29.0,10963433.888888888,2.0,1.0,3.0,0.0,0,0,0,1,0,1,0,1,2,0,0,0,1,0,0,1,0,0,0,30450090.0
2024-02-19,48,1,32,48.0,13659359.651282052,2.0,1.0,1.0,0.0,0,0,0,1,0,1,1,1,0,0,0,0,3,0,0,0,0,1,0,51061999.2
2024-02-20,41,7,75,41.0,19029916.733333334,2.0,1.0,5.0,0.0,0,0,0,3,0,1,1,0,4,0,1,0,3,0,0,1,0,1,0,46135003.2
2024-02-21,19,3,36,19.0,10049166.516666666,2.0,1.0,6.0,0.0,1,0,0,0,0,0,0,1,0,0,0,0,3,0,0,1,0,1,0,21037999.4
2024-02-22,73,7,87,73.0,24871737.14285714,2.0,1.0,4.0,0.0,1,0,0,3,0,1,1,0,4,0,0,0,7,0,0,2,0,1,0,80581633.0
2024-02-23,97,9,137,97.0,28451944.686470587,2.0,1.0,0.0,1.0,1,0,0,2,0,2,0,3,5,0,0,0,5,0,0,3,0,1,0,101663518.1
2024-02-24,43,13,104,43.0,23595349.22,2.0,1.0,2.0,1.0,0,1,0,0,0,0,0,1,6,0,0,0,5,0,0,3,0,2,0,46365997.6
2024-02-25,21,5,64,21.0,15450509.0,2.0,1.0,3.0,0.0,0,0,0,2,0,0,1,1,3,0,1,0,2,0,0,0,0,1,0,21857036.0
2024-02-26,31,2,42,31.0,11016833.333333334,2.0,1.0,1.0,0.0,2,0,0,0,0,2,0,0,3,0,0,0,1,0,0,1,0,0,0,34011000.0
2024-02-27,29,3,39,29.0,9856714.285714285,2.0,1.0,5.0,0.0,1,0,0,0,0,1,0,0,1,0,0,0,4,0,0,0,0,0,0,29305500.4
2024-02-28,30,1,26,30.0,9905309.316666666,2.0,1.0,6.0,0.0,0,0,0,1,0,2,0,0,2,0,0,0,2,0,0,0,0,0,0,29066553.5
2024-02-29,69,6,100,69.0,22961926.456666667,2.0,1.0,4.0,0.0,1,1,0,1,0,3,0,2,3,0,0,0,4,0,0,2,0,2,0,67763177.79
2024-03-01,77,6,139,77.0,31075759.333333332,3.0,1.0,0.0,1.0,0,0,0,5,0,3,2,1,5,0,0,0,5,0,0,1,0,3,0,80414521.0
2024-03-02,78,12,133,78.0,28944667.451709956,3.0,1.0,2.0,1.0,0,1,0,2,0,0,2,0,7,0,0,0,4,0,0,4,0,4,0,78929225.98
2024-03-03,24,6,59,24.0,15338161.49,3.0,1.0,3.0,0.0,1,1,0,1,0,0,0,0,6,0,0,0,3,0,0,1,0,0,0,24151572.39
2024-03-04,33,4,42,33.0,10828821.42857143,3.0,1.0,1.0,0.0,0,0,0,1,0,1,0,1,3,0,0,0,2,0,0,1,0,0,0,35772500.0
2024-03-05,31,6,43,31.0,11254500.25,3.0,1.0,5.0,0.0,0,0,0,0,0,0,0,1,0,0,0,0,2,0,0,1,0,3,0,30227750.5
2024-03-06,40,5,48,40.0,9563783.703333333,3.0,1.0,6.0,0.0,0,0,0,0,0,0,0,0,4,0,0,0,0,0,0,3,0,1,0,36831252.6
2024-03-07,35,7,93,35.0,16673999.2,3.0,1.0,4.0,0.0,0,0,0,1,0,0,1,0,3,0,0,0,5,0,0,2,0,2,0,35470999.4
2024-03-08,84,10,133,84.0,26451928.57142857,3.0,1.0,0.0,1.0,1,0,0,2,0,3,2,0,5,0,0,0,6,0,0,4,0,2,0,84733498.0
2024-03-09,53,7,100,53.0,20763083.833333332,3.0,1.0,2.0,1.0,0,0,0,0,0,2,1,0,8,0,0,0,2,0,0,3,0,1,0,53073250.5
2024-03-10,24,5,46,24.0,14810249.59,3.0,1.0,3.0,0.0,2,1,0,1,0,2,1,0,6,0,0,0,0,0,0,1,0,0,0,25541000.18
2024-03-11,18,4,50,18.0,11211166.666666666,3.0,1.0,1.0,0.0,0,0,0,0,0,1,1,0,1,0,0,0,5,0,0,0,0,1,0,18379500.0
2024-03-12,43,3,43,43.0,12467143.503809523,3.0,1.0,5.0,0.0,0,2,0,1,0,2,0,0,1,0,0,0,2,0,0,3,0,0,0,42634244.95
2024-03-13,28,4,57,28.0,12921249.75,3.0,1.0,6.0,0.0,0,0,0,2,0,2,1,0,5,0,0,0,0,0,0,1,0,0,0,30409999.0
2024-03-14,39,1,46,39.0,11421364.892857144,3.0,1.0,4.0,0.0,0,0,0,2,0,1,0,0,1,0,0,0,2,0,0,1,0,2,0,41785044.5
2024-03-15,39,3,58,39.0,13481792.666666666,3.0,1.0,0.0,1.0,0,0,0,1,0,2,0,0,3,0,0,0,4,0,0,1,0,1,0,39960251.0
2024-03-16,30,4,45,30.0,9824733.59,3.0,1.0,2.0,1.0,0,1,0,1,0,1,0,0,2,0,0,0,2,0,0,0,0,0,0,31094546.59
2024-03-17,15,3,14,15.0,5026748.5,3.0,1.0,3.0,0.0,0,0,0,2,0,0,0,0,1,0,0,0,0,0,0,2,0,0,0,11814747.0
2024-03-18,53,5,81,53.0,14824417.06,3.0,1.0,1.0,0.0,0,1,0,0,0,1,0,0,5,0,0,0,3,0,0,3,0,1,0,54027251.18
2024-03-19,49,4,43,49.0,12610394.054285714,3.0,1.0,5.0,0.0,0,1,0,0,0,2,0,2,4,0,0,0,1,0,0,0,0,0,0,46647009.86
2024-03-20,46,4,62,46.0,17227165.666666668,3.0,1.0,6.0,0.0,1,1,0,3,0,1,0,0,2,0,1,0,2,0,0,0,0,3,0,44210499.0
2024-03-21,46,4,53,46.0,16876532.777777776,3.0,1.0,4.0,0.0,2,0,0,2,0,1,0,0,2,0,0,0,3,0,0,2,0,1,0,42610010.0
2024-03-22,70,9,72,70.0,17284126.35930736,3.0,1.0,0.0,1.0,0,0,0,2,0,1,0,0,6,0,1,0,3,0,0,1,0,0,0,66756233.0
2024-03-23,67,4,85,67.0,21084776.777777776,3.0,1.0,2.0,1.0,0,2,0,1,0,1,1,0,7,0,0,0,2,0,0,1,0,1,0,75144498.0
2024-03-24,14,1,23,14.0,5737500.0,3.0,1.0,3.0,0.0,0,0,0,0,0,0,1,0,3,0,0,0,1,0,0,0,0,1,0,13675000.0
2024-03-25,53,5,63,53.0,15908106.452857142,3.0,1.0,1.0,0.0,0,1,0,0,0,3,0,0,3,0,1,0,1,0,0,0,0,5,0,54936249.21
2024-03-26,37,2,64,37.0,12843987.92857143,3.0,1.0,5.0,0.0,0,0,0,1,0,1,0,0,4,0,0,0,1,0,0,1,0,3,0,40144499.0
2024-03-27,38,4,46,38.0,12111062.5,3.0,1.0,6.0,0.0,0,1,1,0,0,2,0,0,4,0,0,0,0,0,0,0,0,0,0,39763500.0
2024-03-28,34,6,52,34.0,12817500.0,3.0,1.0,4.0,0.0,0,0,0,2,0,1,1,0,3,0,0,0,1,0,0,2,0,2,0,31171000.0
2024-03-29,14,4,41,14.0,8944999.0,3.0,1.0,0.0,1.0,0,0,0,2,0,1,1,0,2,0,0,0,0,0,0,0,1,0,0,13374999.0
2024-03-30,15,1,15,15.0,5862500.0,3.0,1.0,2.0,1.0,0,0,0,0,0,1,0,0,1,0,0,0,0,0,0,0,0,1,0,15925000.0
2024-03-31,8,2,18,8.0,4552667.666666667,3.0,1.0,3.0,0.0,0,0,0,1,0,0,0,0,2,0,0,0,0,0,0,1,0,1,0,6953002.0
2024-04-01,48,7,62,48.0,16164775.733333334,4.0,1.0,1.0,0.0,1,1,1,1,0,0,0,0,6,0,0,0,3,0,0,1,0,0,0,52058912.0
2024-04-02,36,5,38,36.0,12207500.0,4.0,1.0,5.0,0.0,0,1,0,0,0,1,1,0,6,0,0,0,0,0,0,1,0,0,0,32791500.0
2024-04-03,34,2,37,34.0,9400084.923333334,4.0,1.0,6.0,0.0,1,1,0,1,0,1,0,0,3,0,0,0,0,1,0,0,0,0,0,31661004.36
2024-04-04,47,7,77,47.0,15770770.723333333,4.0,1.0,4.0,0.0,0,1,0,3,0,2,0,0,6,0,0,0,0,0,0,3,0,0,0,45838432.95
2024-04-05,52,5,71,52.0,16894756.404761903,4.0,1.0,0.0,1.0,0,0,0,5,0,1,0,0,6,0,0,0,0,0,0,1,1,1,0,52412450.0
2024-04-06,30,7,70,30.0,17759899.0,4.0,1.0,2.0,1.0,1,0,2,1,0,0,2,0,5,0,0,0,0,0,0,1,0,3,0,30799897.0
2024-04-07,25,2,48,25.0,11373499.0,4.0,1.0,3.0,0.0,0,0,0,1,0,0,0,0,4,0,0,0,1,0,0,1,0,0,0,25867498.0
2024-04-08,15,1,32,15.0,8342995.0,4.0,1.0,1.0,0.0,0,0,0,2,0,1,0,0,3,0,0,0,0,0,0,0,1,1,0,16102994.0
2024-04-09,28,3,78,28.0,20798433.51333333,4.0,1.0,5.0,0.0,0,0,1,3,0,1,0,0,4,2,0,0,1,0,0,2,0,1,0,31550100.18
2024-04-10,33,1,36,33.0,11383440.717692308,4.0,1.0,6.0,0.0,0,0,1,1,0,0,0,0,3,1,0,0,1,0,0,1,0,1,0,33897746.41
2024-04-11,75,1,57,75.0,15750867.047619049,4.0,1.0,4.0,0.0,1,0,0,2,0,0,0,0,5,0,0,0,0,0,0,1,0,2,0,84561492.0
2024-04-12,97,4,107,97.0,22469036.449135337,4.0,1.0,0.0,1.0,1,0,0,3,0,0,1,0,5,1,0,0,1,0,0,3,0,1,0,108335248.59
2024-04-13,34,3,44,34.0,10297861.111111112,4.0,1.0,2.0,1.0,0,0,0,0,0,0,0,0,4,0,0,0,0,0,0,5,0,0,0,32736750.0
2024-04-14,43,4,70,43.0,17006820.18181818,4.0,1.0,3.0,0.0,0,0,0,2,0,1,0,0,5,0,0,0,1,0,0,3,1,2,0,42471002.0
2024-04-15,22,5,37,22.0,10653500.0,4.0,1.0,1.0,0.0,0,0,0,0,0,0,0,0,5,1,0,0,1,0,0,1,1,1,0,21022500.0
2024-04-16,33,5,58,33.0,14476250.0,4.0,1.0,5.0,0.0,1,0,0,1,0,0,0,0,4,2,0,0,1,0,0,2,1,0,0,32648000.0
2024-04-17,52,3,57,52.0,13319666.666666666,4.0,1.0,6.0,0.0,0,0,0,0,0,2,1,0,3,1,0,0,1,0,0,0,1,2,0,54904000.0
2024-04-18,59,5,55,59.0,15761646.333333334,4.0,1.0,4.0,0.0,0,0,1,2,0,3,0,0,2,0,0,0,2,0,0,1,1,2,0,58666273.0
2024-04-19,82,10,110,82.0,27651151.015873015,4.0,1.0,0.0,1.0,0,0,2,1,0,1,0,0,7,0,0,0,2,0,0,3,2,3,0,83139856.0
2024-04-20,38,7,44,38.0,13546112.111111112,4.0,1.0,2.0,1.0,0,0,0,1,0,0,0,0,6,0,0,0,0,0,0,2,0,3,0,35459001.0
2024-04-21,41,2,55,41.0,13280484.615384616,4.0,1.0,3.0,0.0,0,0,1,1,0,1,1,0,4,0,0,0,0,0,0,0,1,2,0,42956800.0
2024-04-22,92,5,90,92.0,21369096.23809524,4.0,1.0,1.0,0.0,1,0,0,2,0,1,0,0,5,0,0,0,4,0,0,3,1,2,0,92140002.0
2024-04-23,63,3,74,63.0,16633652.952380951,4.0,1.0,5.0,0.0,1,0,0,0,0,1,0,0,5,0,0,0,3,0,0,1,1,1,0,61852400.0
2024-04-24,75,6,120,75.0,26667509.166666668,4.0,1.0,6.0,0.0,2,0,1,2,0,6,0,0,7,0,0,0,3,0,0,2,0,2,0,76084570.0
2024-04-25,82,7,88,82.0,19632412.987012986,4.0,1.0,4.0,0.0,0,0,0,2,0,2,1,0,6,0,0,0,2,0,0,2,1,1,0,77608399.0
2024-04-26,125,7,93,125.0,20936095.082251083,4.0,1.0,0.0,1.0,0,0,0,2,0,4,0,0,6,0,0,0,2,0,0,1,3,1,0,117494804.0
2024-04-27,60,9,97,60.0,19590659.04761905,4.0,1.0,2.0,1.0,0,0,0,1,0,2,0,0,8,0,0,0,0,0,0,2,0,2,0,54064200.0
2024-04-28,48,7,63,48.0,12777244.444444444,4.0,1.0,3.0,0.0,1,0,0,0,0,1,0,0,8,0,0,0,1,0,0,0,1,0,0,43283200.0
2024-04-29,111,7,113,111.0,22486956.973572038,4.0,1.0,1.0,0.0,0,0,0,2,0,3,0,0,6,0,1,0,1,0,0,1,3,3,0,100965349.0
2024-04-30,75,6,86,75.0,20241684.126984127,4.0,1.0,5.0,0.0,0,0,0,0,0,3,3,0,8,1,0,0,3,0,0,1,0,0,0,68917600.0
2024-05-01,71,7,100,71.0,18754000.0,5.0,2.0,6.0,0.0,0,0,0,0,0,2,2,0,7,0,0,0,2,0,0,3,0,1,0,70530000.0
2024-05-02,36,2,50,36.0,16473453.545454545,5.0,2.0,4.0,0.0,0,0,0,1,0,1,2,0,4,0,0,0,4,0,0,0,1,0,0,37879999.0
2024-05-03,59,7,64,59.0,20929863.636363637,5.0,2.0,0.0,1.0,0,0,0,1,0,3,5,0,5,1,0,0,1,0,0,1,1,0,0,60606000.0
2024-05-04,48,7,82,48.0,16749285.714285715,5.0,2.0,2.0,1.0,0,0,0,0,0,1,3,0,6,0,0,0,1,0,0,3,0,1,0,47480000.0
2024-05-05,30,6,61,30.0,15602250.0,5.0,2.0,3.0,0.0,1,0,0,0,0,1,2,0,5,0,0,0,3,0,0,0,0,1,0,33930000.0
2024-05-06,97,6,67,97.0,16891285.714285713,5.0,2.0,1.0,0.0,0,0,2,0,0,3,4,0,3,0,0,0,1,0,0,0,0,0,0,91090000.0
2024-05-07,122,6,114,122.0,20960196.5,5.0,2.0,5.0,0.0,0,0,0,4,0,3,0,0,3,1,0,0,2,0,0,2,1,3,0,128931063.0
2024-05-08,123,10,145,123.0,31863820.748917747,5.0,2.0,6.0,0.0,1,0,1,1,0,8,1,0,6,1,0,0,2,0,0,2,2,0,0,124009686.0
2024-05-09,76,11,166,76.0,31543288.573333334,5.0,2.0,4.0,0.0,3,0,0,1,0,7,2,0,7,0,0,0,2,0,0,2,0,2,0,76448464.88
2024-05-10,100,13,121,100.0,27091456.322197802,5.0,2.0,0.0,1.0,0,0,1,4,0,2,0,0,7,1,0,0,3,0,0,3,0,1,0,103023117.41
2024-05-11,30,10,76,30.0,13102166.176666666,5.0,2.0,2.0,1.0,0,0,0,0,0,1,0,0,5,0,0,0,1,0,0,2,0,1,0,27366499.509999998
2024-05-12,14,6,27,14.0,8414166.666666666,5.0,2.0,3.0,0.0,0,0,0,0,0,2,0,0,2,0,0,0,2,0,0,1,0,0,0,13032500.0
2024-05-13,35,4,62,35.0,14324750.0,5.0,2.0,1.0,0.0,0,0,0,2,0,2,0,0,3,1,0,0,1,0,0,1,0,0,0,35627500.0
2024-05-14,59,7,109,59.0,25911049.990000002,5.0,2.0,5.0,0.0,1,0,2,1,0,2,0,0,5,0,1,0,6,0,0,3,0,1,0,58957200.96
2024-05-15,128,7,101,128.0,28795804.056285713,5.0,2.0,6.0,0.0,2,0,1,1,0,4,1,0,5,0,0,0,4,0,0,1,2,2,0,128244999.71000001
2024-05-16,73,7,82,73.0,24030319.93063492,5.0,2.0,4.0,0.0,0,0,1,1,0,1,4,0,4,2,0,0,4,0,0,0,1,3,0,70135036.59
2024-05-17,81,12,138,81.0,31607812.394761905,5.0,2.0,0.0,1.0,1,0,1,1,0,5,2,0,4,0,0,0,4,0,0,2,1,4,0,86449400.49
2024-05-18,50,11,73,50.0,20417310.875811964,5.0,2.0,2.0,1.0,0,0,0,2,0,0,1,0,8,1,0,0,3,0,0,2,0,0,0,42433248.41
2024-05-19,51,9,71,51.0,18015901.555666666,5.0,2.0,3.0,0.0,0,0,0,0,0,2,1,0,6,2,0,0,2,0,0,1,0,0,0,51673254.71
2024-05-20,67,8,119,67.0,25207444.955627706,5.0,2.0,1.0,0.0,1,0,1,2,0,3,3,0,7,0,0,0,2,0,0,1,0,1,0,64432303.16
2024-05-21,131,11,123,131.0,25482720.50179753,5.0,2.0,5.0,0.0,0,0,0,1,0,4,5,0,4,1,0,0,2,0,0,3,0,1,0,122130496.06
2024-05-22,129,12,147,129.0,30068097.56380375,5.0,2.0,6.0,0.0,0,0,0,1,0,4,2,0,8,2,0,0,6,0,0,2,0,2,0,120170787.03999999
2024-05-23,103,10,162,103.0,30214144.643785715,5.0,2.0,4.0,0.0,1,0,0,3,0,3,3,0,7,0,0,0,2,0,0,3,0,2,0,109361102.43
2024-05-24,91,12,157,91.0,27218902.535229743,5.0,2.0,0.0,1.0,1,0,0,3,0,4,1,0,6,0,0,0,5,0,0,0,0,2,0,105858497.50999999
2024-05-25,38,5,126,38.0,21931488.095238097,5.0,2.0,2.0,1.0,0,0,0,1,0,3,3,0,5,0,0,0,3,0,0,1,0,2,0,44619000.0
2024-05-26,61,4,64,61.0,15350322.222222222,5.0,2.0,3.0,0.0,1,0,0,0,0,1,1,0,4,0,0,0,2,0,0,2,0,0,0,69490000.0
2024-05-27,43,3,85,43.0,19224911.906666666,5.0,2.0,1.0,0.0,2,0,0,3,0,2,1,0,4,0,0,0,1,0,0,0,1,0,0,47223894.24
2024-05-28,36,7,82,36.0,19742998.0,5.0,2.0,5.0,0.0,0,0,0,2,0,2,1,0,5,1,0,0,1,0,0,0,0,2,0,40758995.0
2024-05-29,50,3,81,50.0,15803180.326666666,5.0,2.0,6.0,0.0,0,0,1,0,0,3,0,0,5,0,0,0,2,0,0,0,0,1,0,53784290.980000004
2024-05-30,40,9,72,40.0,20761390.49,5.0,2.0,4.0,0.0,0,0,1,3,0,4,0,0,6,0,0,0,2,0,0,1,0,2,0,38449529.980000004
2024-05-31,82,8,94,82.0,21633892.089900795,5.0,2.0,0.0,1.0,0,0,1,2,0,2,0,0,8,0,0,0,1,0,0,1,0,2,0,81591430.41
2024-06-01,29,7,81,29.0,17365699.187777776,6.0,2.0,2.0,1.0,0,0,0,2,0,1,1,0,6,1,0,0,0,0,0,0,0,1,0,31955297.41
2024-06-02,28,5,58,28.0,13286437.68375,6.0,2.0,3.0,0.0,0,0,0,0,0,0,0,0,8,1,0,0,0,0,0,0,0,0,0,27796000.490000002
2024-06-03,59,6,90,59.0,18346938.798333332,6.0,2.0,1.0,0.0,0,0,1,1,0,3,0,0,5,2,0,0,2,0,0,0,0,0,0,55287729.69
2024-06-04,85,6,76,85.0,24171435.042777777,6.0,2.0,5.0,0.0,0,0,2,3,0,1,0,0,8,3,0,0,1,0,0,0,0,1,0,92180128.59
2024-06-05,79,9,91,79.0,23925712.05111111,6.0,2.0,6.0,0.0,1,0,0,2,0,2,1,0,6,3,0,0,2,0,0,1,1,1,0,79292500.76
2024-06-06,101,8,85,101.0,23960062.86386147,6.0,2.0,4.0,0.0,1,0,0,3,0,2,3,0,6,0,0,0,2,0,0,3,0,0,0,112481006.96000001
2024-06-07,83,10,158,83.0,36254250.02657143,6.0,2.0,0.0,1.0,2,0,0,2,0,2,4,0,6,1,0,0,2,0,0,2,0,2,0,95697507.49
2024-06-08,47,9,88,47.0,24772125.49,6.0,2.0,2.0,1.0,0,0,0,1,0,0,3,0,6,1,3,0,2,0,0,2,2,0,0,53804000.980000004
2024-06-09,27,7,52,27.0,15721500.392,6.0,2.0,3.0,0.0,1,0,1,0,0,1,4,0,5,0,0,0,0,0,0,0,0,0,0,25973600.0
2024-06-10,28,6,50,28.0,13359663.823333334,6.0,2.0,1.0,0.0,0,0,1,1,0,0,1,0,3,0,0,0,1,0,0,2,2,0,0,26395121.47
2024-06-11,29,6,82,29.0,17367071.911666665,6.0,2.0,5.0,0.0,0,0,1,2,0,3,1,0,3,0,0,0,3,0,0,0,1,0,0,29384155.490000002
2024-06-12,49,7,74,49.0,22502098.945,6.0,2.0,6.0,0.0,1,0,0,3,0,3,1,0,4,2,0,0,1,0,0,1,2,0,0,49488720.66
2024-06-13,50,5,97,50.0,21061582.1025,6.0,2.0,4.0,0.0,1,0,2,3,0,2,0,0,3,1,0,0,3,0,0,1,0,0,0,51869589.519999996
2024-06-14,93,13,129,93.0,29041020.165844157,6.0,2.0,0.0,1.0,1,0,1,4,0,3,1,0,7,1,0,0,2,0,0,2,2,1,0,88341253.53
2024-06-15,84,11,122,84.0,24198071.836785715,6.0,2.0,2.0,1.0,0,0,0,2,0,2,1,0,7,0,0,0,5,0,0,0,0,1,0,84296033.98
2024-06-16,38,7,80,38.0,14416260.0,6.0,2.0,3.0,0.0,0,0,0,1,0,0,0,0,6,0,0,0,1,0,0,0,1,0,0,36826300.0
2024-06-17,40,4,65,40.0,16173533.333333334,6.0,2.0,1.0,0.0,0,0,0,1,0,3,0,0,7,1,0,0,1,0,0,0,0,0,0,40007700.0
2024-06-18,42,8,77,42.0,23484720.658333335,6.0,2.0,5.0,0.0,1,0,0,1,0,1,1,0,5,1,0,0,2,0,0,1,0,2,0,50409499.89
2024-06-19,47,4,69,47.0,21034638.095238097,6.0,2.0,6.0,0.0,0,0,1,1,0,2,4,0,2,0,0,0,2,0,0,0,0,0,0,60721400.0
2024-06-20,131,9,104,131.0,30524609.497857142,6.0,2.0,4.0,0.0,1,0,4,1,0,3,4,0,5,4,0,0,2,0,0,1,2,0,0,123539502.35
2024-06-21,126,7,195,126.0,39981486.416666664,6.0,2.0,0.0,1.0,0,0,0,4,0,4,4,0,6,2,1,0,5,0,0,3,0,2,0,140319100.87
2024-06-22,35,5,71,35.0,19409153.728095237,6.0,2.0,2.0,1.0,0,0,0,3,0,1,2,0,4,0,0,0,2,0,0,0,0,1,0,42982199.49
2024-06-23,14,5,60,14.0,11038250.0,6.0,2.0,3.0,0.0,0,0,0,0,0,1,3,0,0,0,0,0,0,0,0,2,0,1,0,18421500.0
2024-06-24,38,8,54,38.0,15495967.666666666,6.0,2.0,1.0,0.0,0,0,0,1,0,2,0,0,5,2,1,0,2,0,0,0,0,0,0,40821602.0
2024-06-25,20,4,58,20.0,13336200.0,6.0,2.0,5.0,0.0,0,0,1,1,0,1,0,0,3,3,0,0,0,0,0,1,0,1,0,20207700.0
2024-06-26,49,8,61,49.0,17984835.0,6.0,2.0,6.0,0.0,0,0,1,2,0,3,2,0,3,2,0,0,2,0,0,2,0,0,0,46476120.0
2024-06-27,131,12,139,131.0,28027977.850427352,6.0,2.0,4.0,0.0,0,0,0,3,0,6,1,0,5,1,0,0,3,0,0,1,0,3,0,122476388.0
2024-06-28,158,17,181,158.0,34981525.0325,6.0,2.0,0.0,1.0,1,0,0,4,0,2,7,0,7,5,0,0,2,0,0,2,1,0,0,150295744.59
2024-06-29,71,14,148,71.0,30435666.666666668,6.0,2.0,2.0,1.0,1,0,0,5,0,5,4,0,6,5,0,0,0,0,0,0,1,0,0,68410500.0
2024-06-30,60,12,102,60.0,23451544.73809524,6.0,2.0,3.0,0.0,1,0,0,3,0,4,2,0,6,2,0,0,1,0,0,1,0,1,0,60007100.0
2024-07-01,64,6,86,64.0,21529412.21111111,7.0,0.0,1.0,0.0,1,0,0,1,0,2,0,0,6,3,2,0,2,0,0,0,0,0,0,65751232.4
2024-07-02,88,12,139,88.0,29458897.083333332,7.0,0.0,5.0,0.0,2,0,0,4,1,2,1,0,6,3,0,0,3,0,0,4,0,0,0,88216077.0
2024-07-03,117,11,134,117.0,32692575.477596898,7.0,0.0,6.0,0.0,1,0,0,3,0,3,1,0,7,3,1,0,3,0,0,1,2,1,0,119797848.18
2024-07-04,94,16,132,94.0,30875468.597768065,7.0,0.0,4.0,0.0,2,0,0,3,0,1,1,0,6,2,0,0,3,0,0,1,1,1,0,96116464.95
2024-07-05,161,10,159,161.0,32568031.097536232,7.0,0.0,0.0,1.0,1,0,2,2,0,4,0,0,9,1,0,0,4,0,0,1,0,0,0,177256074.51
2024-07-06,104,10,125,104.0,28225065.57936508,7.0,0.0,2.0,1.0,0,0,1,1,0,3,0,0,8,2,0,0,4,0,0,2,0,0,0,115555101.0
2024-07-07,42,11,81,42.0,16159175.396825397,7.0,0.0,3.0,0.0,0,0,0,1,0,0,1,0,8,1,0,0,2,0,0,1,0,1,0,42432050.0
2024-07-08,72,9,85,72.0,22037510.061495602,7.0,0.0,1.0,0.0,0,0,0,2,0,1,2,0,8,0,0,0,3,0,0,1,0,0,0,76518088.50999999
2024-07-09,211,6,105,211.0,24199842.772693187,7.0,0.0,5.0,0.0,1,0,0,4,0,4,1,0,2,3,0,0,2,0,0,2,0,1,0,205318636.75
2024-07-10,67,8,80,67.0,18321020.91233766,7.0,0.0,6.0,0.0,2,0,0,4,0,2,0,0,3,0,0,0,3,0,0,1,0,1,0,62396298.25
2024-07-11,82,10,141,82.0,28420580.75,7.0,0.0,4.0,0.0,2,0,1,5,0,3,0,0,7,0,0,0,3,0,0,1,1,1,0,79623133.0
2024-07-12,83,12,124,83.0,33025701.316666666,7.0,0.0,0.0,1.0,2,0,0,4,0,3,1,0,6,2,0,0,2,0,0,4,1,1,0,88141585.0
2024-07-13,67,10,127,67.0,29004205.388888888,7.0,0.0,2.0,1.0,1,0,1,7,0,3,3,0,4,0,1,0,2,0,0,1,0,1,0,77705898.5
2024-07-14,33,7,90,33.0,17604100.19,7.0,0.0,3.0,0.0,0,0,0,8,0,1,1,0,2,1,0,0,1,0,0,1,0,0,0,39203450.59
2024-07-15,69,5,75,69.0,17800459.347122807,7.0,0.0,1.0,0.0,0,0,0,4,0,2,1,0,2,0,0,0,2,0,0,1,0,1,0,71517100.49
2024-07-16,49,4,72,49.0,19389145.330000002,7.0,0.0,5.0,0.0,2,0,0,5,0,1,2,0,3,0,0,0,3,0,0,0,0,0,0,49721184.49
2024-07-17,133,14,152,133.0,36351127.37537517,7.0,0.0,6.0,0.0,5,0,0,5,0,1,4,0,4,1,0,0,5,0,0,2,1,1,0,131190756.74
2024-07-18,58,10,76,58.0,17990859.5,7.0,0.0,4.0,0.0,2,0,0,4,0,2,0,0,2,1,0,0,3,0,0,3,1,0,0,57721902.0
2024-07-19,76,10,139,76.0,32869125.5,7.0,0.0,0.0,1.0,5,0,2,5,0,4,0,0,6,1,1,0,3,0,0,0,1,0,0,77538896.0
2024-07-20,66,12,106,66.0,24414402.527777776,7.0,0.0,2.0,1.0,1,0,0,3,0,2,4,0,5,3,1,0,0,0,0,1,0,2,0,64219499.0
2024-07-21,56,6,86,56.0,23721862.92952381,7.0,0.0,3.0,0.0,1,0,1,6,0,2,1,0,5,2,1,0,0,0,0,1,0,0,0,55900361.64
2024-07-22,113,6,86,113.0,18037052.635833334,7.0,0.0,1.0,0.0,0,0,0,3,0,1,2,0,4,0,1,0,2,0,0,2,0,0,0,105101787.75
2024-07-23,40,7,82,40.0,20743501.178333335,7.0,0.0,5.0,0.0,1,0,0,4,0,4,1,0,2,1,1,0,2,0,0,1,0,0,0,42512850.69
2024-07-24,47,6,70,47.0,20510558.97904762,7.0,0.0,6.0,0.0,0,0,1,0,0,2,4,0,1,2,0,0,2,0,0,3,0,0,0,52060799.519999996
2024-07-25,94,11,127,94.0,36034559.06280303,7.0,0.0,4.0,0.0,2,0,0,4,0,3,2,0,6,2,1,0,2,0,0,2,1,2,0,104102868.39
2024-07-26,124,12,141,124.0,32679450.765296575,7.0,0.0,0.0,1.0,0,0,2,4,0,3,2,0,8,0,0,0,2,0,0,1,1,2,0,129293176.2
2024-07-27,56,8,109,56.0,22586900.99,7.0,0.0,2.0,1.0,1,0,0,1,0,2,0,0,8,0,0,0,1,0,0,3,0,1,0,58496301.49
2024-07-28,40,7,79,40.0,16081884.722222222,7.0,0.0,3.0,0.0,1,0,0,4,0,1,0,0,6,0,0,0,0,0,0,1,0,0,0,40189825.0
2024-07-29,93,8,122,93.0,28658965.423333332,7.0,0.0,1.0,0.0,1,0,1,4,0,1,1,0,8,1,0,0,3,0,0,1,1,2,0,94927350.59
2024-07-30,141,13,159,141.0,32267503.483370926,7.0,0.0,5.0,0.0,3,0,1,3,0,2,0,0,7,4,0,0,3,0,0,2,1,2,0,130600504.0
2024-07-31,84,6,115,84.0,23966902.141969696,7.0,0.0,6.0,0.0,2,0,0,2,0,3,0,0,6,0,0,0,3,0,0,0,1,1,0,85440511.49
2024-08-01,55,10,119,55.0,24876320.833333332,8.0,0.0,4.0,0.0,0,0,0,0,0,5,0,0,8,0,0,0,3,0,0,1,0,1,0,56240150.0
2024-08-02,93,6,98,93.0,27385378.25806527,8.0,0.0,0.0,1.0,1,0,0,3,0,5,0,0,7,0,0,0,3,0,0,0,0,0,0,117323992.49000001
2024-08-03,51,8,82,51.0,19628332.235333335,8.0,0.0,2.0,1.0,1,0,0,1,0,1,0,0,7,0,0,0,1,0,0,2,0,1,0,58777248.51
2024-08-04,27,4,40,27.0,10045379.487179488,8.0,0.0,3.0,0.0,0,0,0,0,0,1,0,0,6,0,0,0,0,0,0,0,0,0,0,26612600.0
2024-08-05,34,3,49,34.0,16765583.25,8.0,0.0,1.0,0.0,1,0,0,2,0,0,0,0,3,1,0,0,3,0,0,0,1,0,0,39415947.57
2024-08-06,66,10,87,66.0,23956339.54945055,8.0,0.0,5.0,0.0,0,0,0,2,0,3,1,0,7,0,0,0,1,0,0,1,0,2,0,72829237.0
2024-08-07,70,11,94,70.0,19849997.94969697,8.0,0.0,6.0,0.0,0,0,0,0,0,2,0,0,8,0,0,0,0,0,0,3,1,3,0,62796200.98
2024-08-08,38,8,67,38.0,15275633.333333334,8.0,0.0,4.0,0.0,0,0,0,2,0,1,0,0,6,0,0,0,0,0,0,2,1,1,0,41635200.0
2024-08-09,40,6,90,40.0,20242595.60111111,8.0,0.0,0.0,1.0,0,0,0,1,0,2,0,0,4,1,0,0,3,0,0,2,1,1,0,47358434.49
2024-08-10,56,7,72,56.0,19125628.57142857,8.0,0.0,2.0,1.0,0,0,0,1,0,2,0,0,5,0,0,0,2,0,0,2,0,1,0,62841975.0
2024-08-11,47,8,74,47.0,16327351.49,8.0,0.0,3.0,0.0,1,0,0,1,0,2,0,0,6,0,0,0,1,0,0,1,0,1,0,49967806.94
2024-08-12,32,4,53,32.0,14333273.484545454,8.0,0.0,1.0,0.0,2,0,0,0,0,3,1,0,2,0,0,0,0,0,0,0,0,2,0,36366503.92
2024-08-13,46,3,58,46.0,18663741.726666667,8.0,0.0,5.0,0.0,0,0,0,2,0,1,1,0,3,0,0,0,2,0,0,1,1,0,0,57435849.980000004
2024-08-14,60,4,93,60.0,25035049.256190475,8.0,0.0,6.0,0.0,2,0,0,2,0,2,0,0,3,1,1,0,1,0,0,1,1,1,0,76609657.57
2024-08-15,71,4,81,71.0,20823691.474444445,8.0,0.0,4.0,0.0,1,0,1,1,0,0,0,0,6,1,0,0,2,0,0,1,1,0,0,77896169.14
2024-08-16,161,8,126,161.0,31169217.770396825,8.0,0.0,0.0,1.0,3,0,0,2,0,5,3,0,6,0,0,0,2,0,0,0,0,2,0,170982957.0
2024-08-17,35,9,63,35.0,16566499.51,8.0,0.0,2.0,1.0,1,0,0,1,0,2,1,0,4,0,0,0,2,0,0,1,0,2,0,34644999.019999996
2024-08-18,33,7,63,33.0,15331750.0,8.0,0.0,3.0,0.0,0,0,0,0,0,1,1,0,7,1,0,0,0,0,0,1,0,1,0,34798000.0
2024-08-19,55,7,105,55.0,20722686.059333332,8.0,0.0,1.0,0.0,1,0,1,1,0,2,1,0,6,1,0,0,1,0,0,1,2,0,0,63483339.57
2024-08-20,59,8,109,59.0,24443055.891666666,8.0,0.0,5.0,0.0,0,0,0,2,0,3,1,0,5,0,0,0,2,0,0,1,1,2,0,63975677.47
2024-08-21,72,6,93,72.0,24332250.24,8.0,0.0,6.0,0.0,1,0,2,3,0,1,3,0,6,1,0,0,0,0,0,0,1,1,0,80009000.48
2024-08-22,68,9,116,68.0,28124972.248888887,8.0,0.0,4.0,0.0,1,0,0,2,0,2,2,0,6,0,0,0,0,0,0,1,2,2,0,76588501.68
2024-08-23,97,10,136,97.0,27647459.74,8.0,0.0,0.0,1.0,0,0,1,5,0,3,0,0,5,2,0,0,0,0,0,3,1,1,0,104068254.71000001
2024-08-24,44,9,86,44.0,18172792.666666668,8.0,0.0,2.0,1.0,0,0,0,2,0,3,1,0,5,0,0,0,1,0,0,2,0,1,0,45309001.0
2024-08-25,25,6,38,25.0,13164751.18,8.0,0.0,3.0,0.0,1,0,0,0,0,1,1,0,4,2,0,0,0,0,0,1,0,0,0,25838751.77
2024-08-26,64,9,101,64.0,21254975.757575758,8.0,0.0,1.0,0.0,1,0,0,2,0,2,0,0,6,1,0,0,0,0,0,2,1,1,0,61846750.0
2024-08-27,52,8,78,52.0,23420290.888076924,8.0,0.0,5.0,0.0,0,0,1,4,0,0,0,0,6,2,1,0,1,0,0,2,1,1,0,54925323.730000004
2024-08-28,66,10,131,66.0,23090632.784606062,8.0,0.0,6.0,0.0,0,0,1,1,0,4,0,0,5,2,0,0,1,0,0,1,1,2,0,64840041.2
2024-08-29,69,7,117,69.0,22542823.241515152,8.0,0.0,4.0,0.0,1,0,1,5,0,2,0,0,7,0,0,0,0,0,0,0,0,0,0,73013496.49
2024-08-30,60,10,72,60.0,19766337.73529412,8.0,0.0,0.0,1.0,1,0,0,5,0,2,0,0,4,0,0,0,0,0,0,3,0,0,0,57283250.0
2024-08-31,68,13,112,68.0,26733332.76333333,8.0,0.0,2.0,1.0,2,0,0,7,0,2,1,0,5,2,0,0,0,0,0,1,1,1,0,62859996.769999996
2024-09-01,59,9,89,59.0,19823015.49,9.0,2.0,3.0,0.0,0,0,0,4,0,4,0,0,5,1,0,0,1,0,0,2,0,1,0,53925485.49
2024-09-02,52,5,36,52.0,12968612.684329005,9.0,2.0,1.0,0.0,0,0,3,1,0,2,0,0,3,1,0,0,0,0,0,0,0,0,0,51108499.980000004
2024-09-03,43,5,64,43.0,16380592.266904762,9.0,2.0,5.0,0.0,1,0,1,3,0,2,0,0,4,0,0,0,0,0,0,1,0,2,0,43729000.51
2024-09-04,76,6,97,76.0,22764102.38595238,9.0,2.0,6.0,0.0,0,0,0,5,0,2,0,0,4,3,0,0,1,0,0,2,0,0,0,78293250.06
2024-09-05,91,12,101,91.0,22755336.08402778,9.0,2.0,4.0,0.0,0,0,0,6,0,2,0,0,2,1,0,0,1,0,0,2,1,3,0,89338962.45
2024-09-06,121,9,135,121.0,30444604.526617967,9.0,2.0,0.0,1.0,0,0,0,6,0,5,2,0,4,0,0,0,1,0,0,3,0,4,0,130315236.49
2024-09-07,68,11,118,68.0,26391752.335,9.0,2.0,2.0,1.0,0,0,0,6,0,3,0,0,5,1,0,0,0,0,0,1,0,4,0,67680257.06
2024-09-08,36,9,100,36.0,20068448.8325,9.0,2.0,3.0,0.0,0,0,0,5,0,3,0,0,4,0,0,0,0,0,0,2,0,3,0,33752499.019999996
2024-09-09,39,7,73,39.0,19158066.33,9.0,2.0,1.0,0.0,1,0,0,4,0,3,0,0,3,0,0,0,0,0,0,0,0,2,0,42469501.980000004
2024-09-10,62,7,98,62.0,20452736.271025643,9.0,2.0,5.0,0.0,0,0,0,3,0,4,1,0,3,0,0,0,1,0,0,2,0,2,0,63019096.19
2024-09-11,41,4,78,41.0,18092174.0,9.0,2.0,6.0,0.0,1,0,0,1,0,3,0,0,5,0,0,0,0,0,0,0,0,3,0,48928674.0
2024-09-12,44,8,75,44.0,22514614.256666668,9.0,2.0,4.0,0.0,1,0,0,2,0,2,0,0,5,1,0,0,1,0,0,1,2,2,0,49031037.59
2024-09-13,61,6,114,61.0,26508524.505238093,9.0,2.0,0.0,1.0,0,0,0,4,0,3,1,0,5,0,1,0,0,0,0,1,0,1,0,77886003.23
2024-09-14,41,6,118,41.0,26754917.066666666,9.0,2.0,2.0,1.0,2,0,1,2,0,1,2,0,5,1,0,0,0,0,0,1,0,1,0,55916502.0
2024-09-15,48,4,63,48.0,19920001.0,9.0,2.0,3.0,0.0,0,0,0,3,0,1,0,0,3,0,0,0,1,0,0,0,0,2,0,66502501.0
2024-09-16,20,2,32,20.0,10922972.945,9.0,2.0,1.0,0.0,0,0,0,3,0,1,0,0,1,0,0,0,0,0,0,1,0,1,0,25759611.98
2024-09-17,32,3,61,32.0,14500730.166666666,9.0,2.0,5.0,0.0,0,0,0,2,0,1,0,0,4,0,0,0,1,0,0,2,0,0,0,33947502.0
2024-09-18,52,1,49,52.0,17067677.766483516,9.0,2.0,6.0,0.0,2,0,0,1,0,3,1,0,3,0,0,0,1,0,0,0,0,1,0,61055876.0
2024-09-19,53,2,72,53.0,17172286.454285715,9.0,2.0,4.0,0.0,0,0,0,1,0,3,1,0,5,0,0,0,2,0,0,0,1,1,0,57150001.49
2024-09-20,87,11,106,87.0,25405062.850519482,9.0,2.0,0.0,1.0,0,0,1,3,0,7,0,0,5,1,0,0,0,0,0,1,1,0,0,95959743.55
2024-09-21,43,8,67,43.0,13359874.0,9.0,2.0,2.0,1.0,0,0,0,1,0,6,0,0,0,0,0,0,0,0,0,1,0,1,0,38996749.0
2024-09-22,8,3,15,8.0,7186000.0,9.0,2.0,3.0,0.0,0,0,0,0,0,2,1,0,0,1,0,0,0,0,0,1,0,0,0,8366000.0
2024-09-23,23,3,73,23.0,16901292.551666666,9.0,2.0,1.0,0.0,0,0,0,1,0,6,0,0,2,2,0,0,1,0,0,0,0,0,0,28520751.77
2024-09-24,33,4,74,33.0,16784000.0,9.0,2.0,5.0,0.0,0,0,0,0,0,2,2,0,5,0,0,0,1,0,0,1,0,1,0,37268000.0
2024-09-25,27,5,51,27.0,14421666.666666666,9.0,2.0,6.0,0.0,0,0,0,0,0,2,0,0,6,0,0,0,0,0,0,0,0,0,0,31890000.0
2024-09-26,40,4,46,40.0,15846100.59,9.0,2.0,4.0,0.0,1,0,0,0,0,3,0,0,4,1,0,0,0,0,0,1,1,2,0,40617350.59
2024-09-27,45,5,63,45.0,15037333.333333334,9.0,2.0,0.0,1.0,0,0,0,0,0,1,3,0,3,0,0,0,1,0,0,1,2,0,0,50234500.0
2024-09-28,49,7,82,49.0,19518534.333333332,9.0,2.0,2.0,1.0,2,0,0,1,0,1,0,0,6,0,0,0,0,0,0,2,1,3,0,52228206.0
2024-09-29,48,8,114,48.0,21174165.666666668,9.0,2.0,3.0,0.0,0,0,2,2,0,1,2,0,6,0,0,0,1,0,0,1,0,2,0,50794999.0
2024-09-30,28,6,68,28.0,15078089.580714285,9.0,2.0,1.0,0.0,0,0,1,0,0,3,0,0,1,2,0,0,1,0,0,1,0,1,0,31043250.59
2024-10-01,101,7,124,101.0,32042917.03030303,10.0,1.0,5.0,0.0,2,0,0,3,0,5,1,0,7,0,0,0,0,0,0,0,0,3,0,124434487.0
2024-10-02,29,3,42,29.0,12103500.0,10.0,1.0,6.0,0.0,0,0,1,0,0,2,0,0,4,0,0,0,0,0,0,1,0,0,0,33842500.0
2024-10-03,58,5,90,58.0,20056680.685238093,10.0,1.0,4.0,0.0,2,0,1,1,0,2,0,0,3,1,0,0,1,0,0,2,1,1,0,71449135.77
2024-10-04,62,2,58,62.0,16417222.198571429,10.0,1.0,0.0,1.0,0,0,1,1,0,3,0,0,3,3,0,0,0,0,0,1,0,0,0,81347263.75
2024-10-05,29,4,47,29.0,12334000.0,10.0,1.0,2.0,1.0,0,0,0,1,0,1,0,0,3,0,0,0,0,0,0,1,0,1,0,31802000.0
2024-10-06,23,4,47,23.0,13064730.256666668,10.0,1.0,3.0,0.0,1,0,0,1,0,0,0,0,3,1,1,0,1,0,0,1,0,0,0,27845314.18
2024-10-07,12,0,42,12.0,10097766.666666666,10.0,1.0,1.0,0.0,1,0,0,0,0,2,0,0,3,0,0,0,0,0,0,1,0,0,0,14543600.0
2024-10-08,32,5,78,32.0,18427499.88,10.0,1.0,5.0,0.0,0,0,0,0,0,2,0,0,6,1,0,0,0,0,0,1,0,1,0,38572299.76
2024-10-09,34,1,68,34.0,13212241.348666666,10.0,1.0,6.0,0.0,0,0,0,1,0,1,0,0,2,1,1,0,1,0,0,1,0,0,0,41703173.45
2024-10-10,26,3,44,26.0,14821911.0525,10.0,1.0,4.0,0.0,0,0,1,0,0,1,0,0,3,3,0,0,1,0,0,1,0,0,0,28062046.57
2024-10-11,13,2,40,13.0,9918900.0,10.0,1.0,0.0,1.0,0,0,1,0,0,1,0,0,5,0,0,0,0,0,0,0,0,1,0,16851300.0
2024-10-12,3,1,7,3.0,2164500.0,10.0,1.0,2.0,1.0,0,0,0,0,0,0,0,0,1,0,0,0,0,0,0,0,0,0,0,2907000.0
2024-10-13,2,0,12,2.0,2085700.49,10.0,1.0,3.0,0.0,0,0,0,0,0,0,0,0,1,0,0,0,0,0,0,0,0,0,0,2085700.49
2024-10-14,24,0,37,24.0,11686800.8,10.0,1.0,1.0,0.0,0,0,0,2,0,1,0,0,3,0,0,0,2,0,0,0,0,0,0,31894504.0
2024-10-15,30,4,67,30.0,19014878.496666666,10.0,1.0,5.0,0.0,1,0,0,1,0,1,1,0,5,1,0,0,0,0,0,1,0,1,0,39637634.07
2024-10-16,23,1,55,23.0,11740119.537619047,10.0,1.0,6.0,0.0,0,0,0,0,0,2,1,0,2,0,0,0,1,0,0,0,0,1,0,30911000.490000002
2024-10-17,21,1,37,21.0,9201375.0,10.0,1.0,4.0,0.0,0,0,0,0,0,2,0,0,2,0,0,0,0,0,0,0,1,1,0,25941500.0
2024-10-18,18,1,68,18.0,15659833.333333334,10.0,1.0,0.0,1.0,0,0,0,0,0,3,0,0,4,0,0,0,2,0,0,1,0,0,0,25238000.0
2024-10-19,18,1,24,18.0,8056749.0,10.0,1.0,2.0,1.0,0,0,0,1,0,0,0,0,2,0,0,0,2,0,0,0,0,1,0,20639999.0
2024-10-20,13,5,26,13.0,7467664.755,10.0,1.0,3.0,0.0,0,0,0,3,0,0,0,0,3,0,0,0,0,0,0,0,0,1,0,12106998.51
2024-10-21,18,2,46,18.0,10381126.3675,10.0,1.0,1.0,0.0,0,0,0,2,0,1,0,0,3,0,0,0,0,0,0,0,0,0,0,20664503.47
2024-10-22,36,2,79,36.0,17783325.501333334,10.0,1.0,5.0,0.0,1,0,0,0,0,1,0,0,6,1,0,0,0,0,0,0,0,2,0,42755851.55
2024-10-23,54,6,94,54.0,22118665.521190476,10.0,1.0,6.0,0.0,0,0,0,1,0,2,0,0,4,1,0,0,1,0,0,1,1,5,0,66226200.67
2024-10-24,49,10,98,49.0,20637706.99,10.0,1.0,4.0,0.0,2,0,0,1,0,3,0,0,6,0,0,0,1,0,0,2,0,3,0,47066446.980000004
2024-10-25,82,12,158,82.0,37982442.790952384,10.0,1.0,0.0,1.0,2,0,1,2,0,2,2,0,9,1,0,0,2,0,0,1,1,5,0,92692270.41
2024-10-26,73,12,168,73.0,33655415.90166666,10.0,1.0,2.0,1.0,3,0,0,2,0,2,1,0,8,1,0,0,2,0,0,0,0,7,0,78592949.35
2024-10-27,62,5,68,62.0,18563377.811666667,10.0,1.0,3.0,0.0,1,0,1,3,0,1,0,0,5,0,0,0,2,0,0,0,0,2,0,65509284.49
2024-10-28,38,6,67,38.0,18571006.062857144,10.0,1.0,1.0,0.0,0,0,1,1,0,2,2,0,3,0,0,0,2,0,0,1,0,1,0,43191797.76
2024-10-29,24,2,61,24.0,13662305.120000001,10.0,1.0,5.0,0.0,0,0,1,0,0,0,0,0,4,0,0,0,0,0,0,0,0,5,0,26380340.240000002
2024-10-30,39,2,36,39.0,12870693.333333334,10.0,1.0,6.0,0.0,1,0,1,0,0,1,0,0,4,0,1,0,0,0,0,1,0,2,0,39110630.0
2024-10-31,25,4,44,25.0,11463875.9775,10.0,1.0,4.0,0.0,1,0,0,0,0,1,0,0,4,0,0,0,0,0,0,0,0,2,0,26808004.16
2024-11-01,47,6,87,47.0,22122498.12121212,11.0,1.0,0.0,1.0,0,0,0,1,0,1,1,0,5,0,0,0,2,0,0,0,0,5,0,50910078.0
2024-11-02,32,6,71,32.0,14812514.836666666,11.0,1.0,2.0,1.0,2,0,0,0,0,1,1,0,2,0,0,0,1,0,0,0,0,5,0,30268609.509999998
2024-11-03,20,3,39,20.0,8699999.823333334,11.0,1.0,3.0,0.0,0,0,0,0,0,0,0,0,3,0,0,0,0,0,0,0,0,4,0,18204300.490000002
2024-11-04,23,7,53,23.0,10071338.13,11.0,1.0,1.0,0.0,0,0,0,0,0,0,0,0,2,2,0,0,1,0,0,2,0,1,0,20924027.82
2024-11-05,18,2,54,18.0,10097499.49,11.0,1.0,5.0,0.0,0,0,0,2,0,0,0,0,5,0,0,0,0,0,0,0,1,1,0,18077497.490000002
2024-11-06,31,6,67,31.0,15187999.74,11.0,1.0,6.0,0.0,1,0,0,2,0,1,0,0,5,0,0,0,0,0,0,0,0,0,0,31098499.48
2024-11-07,101,12,139,101.0,31267866.85897243,11.0,1.0,4.0,0.0,0,0,0,4,0,2,0,0,8,2,2,0,1,0,0,3,0,2,0,110239720.23
2024-11-08,108,8,167,108.0,31899511.34017316,11.0,1.0,0.0,1.0,0,0,0,4,0,3,0,0,7,1,0,0,3,0,0,2,0,3,0,123496007.46
2024-11-09,48,13,132,48.0,27808107.9,11.0,1.0,2.0,1.0,1,0,0,3,0,0,1,0,6,1,0,0,0,0,0,1,0,2,0,56358140.39
2024-11-10,22,6,53,22.0,10598913.676666666,11.0,1.0,3.0,0.0,0,0,0,2,0,0,0,0,3,0,0,0,0,0,0,1,0,1,0,21212244.509999998
2024-11-11,27,6,81,27.0,15590585.543333333,11.0,1.0,1.0,0.0,0,0,0,1,0,1,1,0,2,0,0,0,0,0,0,2,0,2,0,27330753.42
2024-11-12,107,3,80,107.0,19901719.78968254,11.0,1.0,5.0,0.0,0,0,0,3,0,2,0,0,6,1,0,0,0,0,0,0,1,2,0,104583978.57
2024-11-13,62,10,50,62.0,17751997.866811596,11.0,1.0,6.0,0.0,0,0,0,3,1,1,0,0,5,1,0,0,0,0,0,2,0,1,0,72298251.98
2024-11-14,63,9,75,63.0,20105998.36777778,11.0,1.0,4.0,0.0,3,0,0,0,0,1,1,0,5,1,0,0,0,0,0,1,0,2,0,69968473.54
2024-11-15,90,9,119,90.0,25525688.03968254,11.0,1.0,0.0,1.0,1,0,1,0,0,4,0,0,8,0,1,0,0,0,0,1,0,1,0,92937899.5
2024-11-16,70,10,118,70.0,24321782.743333332,11.0,1.0,2.0,1.0,1,0,0,0,0,4,1,0,8,1,0,0,1,0,0,1,0,0,0,77819998.82
2024-11-17,36,8,72,36.0,15156364.102564102,11.0,1.0,3.0,0.0,2,0,0,0,0,1,0,0,5,0,0,0,0,0,0,2,0,2,0,40288800.0
2024-11-18,32,6,81,32.0,17251416.786666665,11.0,1.0,1.0,0.0,0,0,0,0,0,3,1,0,5,0,0,0,0,0,0,1,0,2,0,36456500.24
2024-11-19,33,5,60,33.0,14162398.284761906,11.0,1.0,5.0,0.0,0,0,0,0,0,1,0,0,4,2,2,0,1,0,0,0,0,1,0,37179470.78
2024-11-20,61,6,66,61.0,17600489.83088235,11.0,1.0,6.0,0.0,1,0,0,0,0,3,1,0,5,1,0,0,0,0,0,2,0,1,0,57680350.01
2024-11-21,57,4,64,57.0,15733648.318482142,11.0,1.0,4.0,0.0,1,0,0,0,0,2,0,0,3,0,0,0,0,0,0,3,0,1,0,59685369.11
2024-11-22,54,7,95,54.0,23974000.0,11.0,1.0,0.0,1.0,2,0,1,0,0,0,3,0,6,0,0,0,1,0,0,1,1,2,0,58460000.0
2024-11-23,29,3,52,29.0,12714350.24,11.0,1.0,2.0,1.0,1,0,0,0,0,1,0,0,4,1,0,0,0,0,0,1,0,1,0,31183600.72
2024-11-24,16,4,28,16.0,7218625.0,11.0,1.0,3.0,0.0,0,0,0,0,0,0,1,0,4,0,0,0,1,0,0,1,0,0,0,16091000.0
2024-11-25,43,10,98,43.0,19794572.74857143,11.0,1.0,1.0,0.0,1,0,0,0,0,2,5,0,0,2,0,0,0,0,0,2,2,3,0,41402002.160000004
2024-11-26,59,10,112,59.0,22600058.333333332,11.0,1.0,5.0,0.0,1,0,0,0,0,2,8,0,1,0,0,0,1,0,0,2,0,2,0,61211350.0
2024-11-27,84,5,59,84.0,12414880.882380953,11.0,1.0,6.0,0.0,1,0,0,0,0,1,7,0,1,0,0,0,0,0,0,1,0,0,0,99126999.50999999
2024-11-28,40,10,84,40.0,19940183.333333332,11.0,1.0,4.0,0.0,2,0,0,0,0,3,4,0,2,0,0,0,0,0,0,2,0,1,0,40770500.0
2024-11-29,64,9,108,64.0,18601824.044166666,11.0,1.0,0.0,1.0,1,0,0,0,0,2,5,0,0,0,0,0,1,0,0,4,2,2,0,51508739.51
2024-11-30,39,9,92,39.0,20043916.666666668,11.0,1.0,2.0,1.0,0,0,0,0,0,0,6,0,4,0,0,0,2,0,0,1,0,3,0,38312500.0
2024-12-01,29,7,77,29.0,14701250.0,12.0,0.0,3.0,0.0,1,0,1,0,0,1,3,0,0,0,0,0,1,0,0,3,0,2,0,25797000.0
2024-12-02,28,4,46,28.0,8896592.63,12.0,0.0,1.0,0.0,0,0,0,0,0,2,2,0,0,2,0,0,0,0,0,0,1,1,0,28100029.009999998
2024-12-03,46,9,93,46.0,22812500.245,12.0,0.0,5.0,0.0,0,0,1,0,0,4,3,0,1,1,3,0,2,0,0,1,0,3,0,54589500.980000004
2024-12-04,63,7,93,63.0,24467185.583484847,12.0,0.0,6.0,0.0,4,0,1,0,0,4,0,0,0,1,1,0,3,0,0,1,0,3,0,71550951.47
2024-12-05,63,14,125,63.0,27573500.0,12.0,0.0,4.0,0.0,1,0,0,0,0,1,5,0,3,2,1,0,0,0,0,1,2,5,0,61515000.0
2024-12-06,137,15,126,137.0,29654237.91161956,12.0,0.0,0.0,1.0,2,0,0,0,0,5,7,0,1,2,3,0,1,0,0,0,0,1,0,136027350.27
2024-12-07,78,14,161,78.0,30490916.71666667,12.0,0.0,2.0,1.0,0,0,0,0,0,5,7,0,1,2,3,0,0,0,0,1,0,5,0,79049502.75
2024-12-08,53,9,106,53.0,20281881.36238095,12.0,0.0,3.0,0.0,0,0,2,0,0,2,3,0,1,1,0,0,3,0,0,0,0,2,0,59015500.74
2024-12-09,74,7,122,74.0,31088748.249896213,12.0,0.0,1.0,0.0,1,0,0,0,0,4,3,0,1,1,1,0,0,0,0,1,0,3,0,92714954.42
2024-12-10,54,10,106,54.0,29927667.943333335,12.0,0.0,5.0,0.0,2,0,1,0,0,2,4,0,2,3,0,0,1,0,0,0,0,3,0,65837502.16
2024-12-11,44,6,84,44.0,26648625.65,12.0,0.0,6.0,0.0,0,0,0,0,0,3,2,0,4,2,1,0,1,0,0,5,0,2,0,60892000.83
2024-12-12,83,11,146,83.0,36480643.888809524,12.0,0.0,4.0,0.0,0,0,0,0,0,5,8,0,2,2,1,0,3,0,0,2,0,3,0,99355001.67
2024-12-13,64,6,111,64.0,21359430.043569446,12.0,0.0,0.0,1.0,0,0,0,0,0,0,6,0,2,3,2,0,0,0,0,0,0,1,0,72049755.48
2024-12-14,70,14,141,70.0,32818001.036666665,12.0,0.0,2.0,1.0,0,0,1,0,0,1,7,0,5,1,2,0,1,0,0,2,0,4,0,77513250.11
2024-12-15,29,10,49,29.0,14952198.84,12.0,0.0,3.0,0.0,1,0,0,0,0,0,4,0,1,2,1,0,1,0,0,1,0,2,0,28413448.68
2024-12-16,56,9,94,56.0,24575842.85714286,12.0,0.0,1.0,0.0,1,0,0,0,0,2,6,0,1,1,2,0,0,0,0,2,0,2,0,61732300.0
2024-12-17,47,4,52,47.0,18586751.425,12.0,0.0,5.0,0.0,0,0,0,0,0,2,2,0,1,2,2,0,1,0,0,0,0,2,0,56493502.65
2024-12-18,30,6,70,30.0,15258357.262857143,12.0,0.0,6.0,0.0,0,0,0,0,0,1,2,0,2,0,0,0,1,0,0,2,0,1,0,37284000.24
2024-12-19,38,3,81,38.0,19757250.18,12.0,0.0,4.0,0.0,0,0,1,0,0,0,1,0,1,0,4,0,2,0,0,2,0,3,0,47612500.54
2024-12-20,42,7,78,42.0,22161767.656666666,12.0,0.0,0.0,1.0,2,0,0,0,0,2,1,0,2,2,2,0,4,0,0,1,0,1,0,49360901.39
2024-12-21,22,3,15,22.0,7268250.0,12.0,0.0,2.0,1.0,0,0,0,0,0,0,1,0,1,0,0,0,1,0,0,1,0,1,0,22420000.0
2024-12-22,36,8,95,36.0,26353330.0,12.0,0.0,3.0,0.0,1,0,0,0,0,0,0,0,5,1,1,0,4,0,0,3,0,0,0,45248660.0
2024-12-23,76,11,101,76.0,26290140.324444443,12.0,0.0,1.0,0.0,2,0,0,1,0,1,3,0,3,2,2,0,3,0,0,2,0,2,0,81522174.78
2024-12-24,122,12,140,122.0,30314917.256666668,12.0,0.0,5.0,0.0,1,0,0,0,0,1,9,0,2,1,1,0,0,0,0,3,0,6,0,117576001.18
2024-12-25,130,14,181,130.0,36381080.205281384,12.0,0.0,6.0,0.0,1,0,1,0,0,1,8,0,3,3,0,0,1,0,0,3,0,6,0,133125297.64
2024-12-26,80,6,90,80.0,19627326.70572261,12.0,0.0,4.0,0.0,1,0,0,0,0,1,5,0,2,2,0,0,0,1,0,0,0,4,0,81872426.86
2024-12-27,41,8,112,41.0,24551805.12,12.0,0.0,0.0,1.0,2,0,0,0,0,0,5,0,0,1,2,0,0,0,0,2,0,3,0,51978150.12
2024-12-28,39,5,66,39.0,16754791.961666666,12.0,0.0,2.0,1.0,0,0,0,0,0,0,5,0,2,1,0,0,0,0,0,1,0,2,0,39796750.59
2024-12-29,32,6,71,32.0,16361477.804583333,12.0,0.0,3.0,0.0,0,0,0,1,0,0,6,0,0,1,0,0,1,0,0,2,0,0,0,40018878.269999996
2024-12-30,55,8,58,55.0,18908838.638235293,12.0,0.0,1.0,0.0,0,0,0,1,0,0,5,0,0,0,1,0,0,0,0,2,0,2,0,67212719.83
2024-12-31,63,3,87,63.0,30065184.679410256,12.0,0.0,5.0,0.0,0,0,0,0,0,1,5,0,3,2,0,0,0,0,0,1,0,3,0,88822954.86
2025-01-01,37,7,82,37.0,21018108.95,1.0,1.0,6.0,0.0,0,0,0,0,0,1,6,0,3,0,2,0,0,0,0,2,0,3,0,40592116.730000004
2025-01-02,41,7,73,41.0,19665381.815,1.0,1.0,4.0,0.0,1,0,0,0,0,0,6,0,2,2,0,0,0,0,0,1,0,2,0,44597332.69
2025-01-03,56,9,90,56.0,26074589.833333332,1.0,1.0,0.0,1.0,0,0,1,3,0,1,6,0,1,3,0,0,1,0,0,1,0,1,0,61550029.0
2025-01-04,34,13,75,34.0,21775833.333333332,1.0,1.0,2.0,1.0,0,0,1,2,0,0,1,0,4,2,0,0,1,0,0,2,0,3,0,35078500.0
2025-01-05,23,7,47,23.0,11654001.0,1.0,1.0,3.0,0.0,1,0,0,2,0,0,0,0,4,2,0,0,0,0,0,1,0,1,0,25014002.0
2025-01-06,39,4,65,39.0,14817501.0,1.0,1.0,1.0,0.0,0,0,0,3,0,2,0,0,5,0,0,0,0,0,0,0,0,1,0,43790001.0
2025-01-07,48,5,69,48.0,17778797.8,1.0,1.0,5.0,0.0,1,0,0,2,0,2,1,0,5,0,0,0,1,0,0,0,1,1,0,54000785.0
2025-01-08,43,4,65,43.0,16391500.75,1.0,1.0,6.0,0.0,0,0,0,1,0,3,0,0,4,1,0,0,1,0,0,0,0,3,0,47182003.0
2025-01-09,55,5,66,55.0,18618317.666666668,1.0,1.0,4.0,0.0,3,0,1,1,0,3,0,0,3,1,0,0,0,0,0,1,0,1,0,64362602.0
2025-01-10,37,6,68,37.0,14655001.0,1.0,1.0,0.0,1.0,0,0,0,2,0,2,1,0,5,0,0,0,0,0,0,2,0,1,0,38759001.0
2025-01-11,18,6,50,18.0,10862500.0,1.0,1.0,2.0,1.0,0,0,0,2,0,1,1,0,5,0,0,0,0,0,0,0,0,0,0,21000000.0
2025-01-12,17,6,30,17.0,7694000.0,1.0,1.0,3.0,0.0,0,0,0,0,0,0,0,0,4,0,0,0,0,0,0,2,0,0,0,16264000.0
2025-01-13,43,6,86,43.0,21727002.0,1.0,1.0,1.0,0.0,0,0,1,5,0,2,0,0,5,0,0,0,0,0,0,1,1,2,0,47682007.0
2025-01-14,32,6,46,32.0,13755001.0,1.0,1.0,5.0,0.0,0,0,0,2,0,2,0,0,5,0,0,0,0,0,0,0,0,2,0,33770004.0
2025-01-15,77,4,64,77.0,21498966.777777776,1.0,1.0,6.0,0.0,2,0,0,2,0,1,0,0,6,0,1,0,1,0,0,0,1,2,0,87034803.0
2025-01-16,77,5,60,77.0,15161393.93939394,1.0,1.0,4.0,0.0,0,0,0,1,0,1,0,0,4,0,0,0,3,0,0,1,0,0,0,75888000.0
2025-01-17,80,9,101,80.0,24680807.60714286,1.0,1.0,0.0,1.0,0,0,0,3,0,2,0,0,9,1,1,0,4,0,0,1,0,1,0,81033996.0
2025-01-18,57,8,77,57.0,21467999.0,1.0,1.0,2.0,1.0,2,0,0,2,1,3,0,0,5,0,1,0,1,0,0,0,0,0,0,60459999.0
2025-01-19,29,5,76,29.0,17340251.0,1.0,1.0,3.0,0.0,0,0,0,2,0,3,0,0,2,1,0,0,0,0,0,0,1,3,0,33940501.0
2025-01-20,58,8,113,58.0,20180865.07936508,1.0,1.0,1.0,0.0,1,0,0,0,0,2,1,0,8,1,0,0,1,0,0,0,0,1,0,64689000.0
2025-01-21,41,6,89,41.0,17977337.833333332,1.0,1.0,5.0,0.0,0,0,0,4,0,3,0,0,5,0,0,0,0,0,0,0,0,1,0,44143718.0
2025-01-22,37,7,35,37.0,8997696.666666666,1.0,1.0,6.0,0.0,0,0,0,1,0,1,0,0,1,1,0,0,0,0,0,1,0,1,0,35358090.0
2025-01-23,85,10,82,85.0,19850565.222222224,1.0,1.0,4.0,0.0,0,0,0,2,0,2,0,0,5,0,0,0,0,0,0,2,0,2,0,77917385.0
2025-01-24,142,15,206,142.0,39425023.36771562,1.0,1.0,0.0,1.0,1,0,0,4,0,4,4,0,8,1,2,0,1,0,0,2,0,5,0,154210499.0
2025-01-25,90,14,196,90.0,37631126.1,1.0,1.0,2.0,1.0,0,0,0,4,0,3,2,0,7,0,0,0,0,0,0,4,0,2,0,106735499.0
2025-01-26,60,9,92,60.0,20538551.833333332,1.0,1.0,3.0,0.0,0,0,0,4,0,0,2,0,6,1,0,0,0,0,0,0,0,1,0,62646905.0
2025-01-27,55,12,137,55.0,27962851.0,1.0,1.0,1.0,0.0,0,0,1,2,0,0,3,0,10,1,0,0,0,0,0,2,0,0,0,58283001.0
2025-01-28,40,9,70,40.0,18510735.1,1.0,1.0,5.0,0.0,0,0,0,1,0,2,4,0,8,0,0,0,0,0,0,1,0,0,0,38253715.0
2025-01-29,13,2,41,13.0,8910001.0,1.0,1.0,6.0,0.0,0,0,0,2,0,0,1,0,5,0,0,0,0,0,0,0,0,0,0,14380002.0
2025-01-30,19,2,35,19.0,10682868.8,1.0,1.0,4.0,0.0,0,0,0,0,0,1,0,0,5,0,0,0,0,0,0,1,0,1,0,18993844.0
2025-01-31,50,7,73,50.0,17530515.38095238,1.0,1.0,0.0,1.0,0,0,0,1,0,2,0,0,6,0,0,0,1,0,0,1,0,2,0,51199441.0
2025-02-01,24,5,43,24.0,11820480.333333334,2.0,1.0,2.0,1.0,0,0,0,2,0,1,0,0,4,0,0,0,1,0,0,1,0,2,0,21662882.0
2025-02-02,20,4,35,20.0,9605370.0,2.0,1.0,3.0,0.0,0,0,0,2,0,1,0,0,2,1,0,0,0,0,0,1,0,2,0,17638846.0
2025-02-03,62,7,70,62.0,21429764.0,2.0,1.0,1.0,0.0,2,0,0,5,0,2,1,0,3,0,0,0,0,0,0,0,1,2,0,61546964.0
2025-02-04,63,4,96,63.0,21257618.32063492,2.0,1.0,5.0,0.0,0,0,1,2,0,4,0,0,2,0,1,0,1,0,0,2,1,2,0,64250711.0
2025-02-05,56,6,61,56.0,18079523.743589744,2.0,1.0,6.0,0.0,0,0,0,1,0,2,0,0,6,0,0,0,1,0,0,0,0,3,0,57140142.0
2025-02-06,62,5,51,62.0,17523953.11904762,2.0,1.0,4.0,0.0,0,0,0,2,0,1,2,0,6,1,0,0,1,0,0,1,0,0,0,57943907.0
2025-02-07,76,5,68,76.0,14156919.695652174,2.0,1.0,0.0,1.0,0,0,0,0,0,5,0,0,5,0,0,0,0,0,0,1,0,1,0,68855637.0
2025-02-08,28,5,54,28.0,11687298.333333334,2.0,1.0,2.0,1.0,0,0,1,1,0,2,0,0,6,0,0,0,0,0,0,0,0,1,0,25807049.0
2025-02-09,22,4,24,22.0,9040030.0,2.0,1.0,3.0,0.0,0,0,0,0,0,2,0,0,3,0,0,0,0,0,0,0,1,2,0,22140090.0
2025-02-10,68,8,66,68.0,18541050.82352941,2.0,1.0,1.0,0.0,0,0,0,2,0,2,0,0,5,0,0,0,1,0,0,3,2,1,0,63753864.0
2025-02-11,67,6,62,67.0,19453355.595620066,2.0,1.0,5.0,0.0,0,0,0,0,0,3,0,0,6,1,0,0,1,0,0,1,1,3,0,70375504.0
2025-02-12,24,5,42,24.0,11975695.933333334,2.0,1.0,6.0,0.0,0,0,0,2,0,1,1,0,4,0,0,0,0,0,0,0,0,2,0,23566809.0
2025-02-13,35,6,58,35.0,16882001.5,2.0,1.0,4.0,0.0,1,0,0,3,0,0,0,0,2,1,0,0,1,0,0,0,1,2,0,36204002.0
2025-02-14,70,8,97,70.0,19706510.247863248,2.0,1.0,0.0,1.0,0,0,0,2,0,3,0,0,4,0,0,0,2,0,0,4,1,0,0,68316046.0
2025-02-15,24,5,49,24.0,12633909.333333334,2.0,1.0,2.0,1.0,1,0,0,2,0,2,0,0,4,0,0,0,0,0,0,1,0,0,0,23056201.0
2025-02-16,18,2,35,18.0,11202375.0,2.0,1.0,3.0,0.0,0,0,0,1,0,0,0,0,3,0,0,0,1,0,0,2,1,0,0,21033000.0
2025-02-17,51,7,87,51.0,19187463.166666668,2.0,1.0,1.0,0.0,0,0,0,2,0,5,0,0,5,0,0,0,0,0,0,2,0,0,0,56288222.0
2025-02-18,25,4,53,25.0,12846240.5,2.0,1.0,5.0,0.0,1,0,0,1,0,2,0,0,5,0,0,0,0,0,0,0,0,0,0,30271438.0
2025-02-19,30,5,61,30.0,14516774.285714285,2.0,1.0,6.0,0.0,1,0,0,0,0,2,0,0,6,0,0,0,1,0,0,0,0,1,0,29836420.0
2025-02-20,25,3,62,25.0,14056368.166666666,2.0,1.0,4.0,0.0,0,0,0,2,0,1,0,0,0,0,1,0,2,0,0,2,0,2,0,31021807.0
2025-02-21,30,4,45,30.0,14551815.444444444,2.0,1.0,0.0,1.0,0,0,0,1,0,2,0,0,4,1,0,0,2,0,0,0,0,2,0,29933114.0
2025-02-22,19,2,42,19.0,12172647.0,2.0,1.0,2.0,1.0,0,0,0,0,0,1,0,0,5,1,0,0,0,0,0,0,0,2,0,20034941.0
2025-02-23,45,8,101,45.0,22242123.95238095,2.0,1.0,3.0,0.0,1,0,0,0,0,2,0,0,8,2,0,0,3,0,0,0,0,3,0,47116451.0
2025-02-24,91,5,97,91.0,21121396.67151515,2.0,1.0,1.0,0.0,0,0,0,1,0,3,0,0,8,0,0,0,1,0,0,0,0,4,0,88498970.0
2025-02-25,43,9,103,43.0,21162480.5,2.0,1.0,5.0,0.0,1,0,0,1,0,3,0,0,8,1,0,0,1,0,0,0,0,3,0,44497441.0
2025-02-26,27,3,77,27.0,14692833.666666666,2.0,1.0,6.0,0.0,0,0,0,0,0,2,0,0,3,2,0,0,2,0,0,0,0,3,0,27605951.0
2025-02-27,26,7,43,26.0,12254696.666666666,2.0,1.0,4.0,0.0,0,0,0,0,0,2,0,0,4,2,0,0,0,0,0,2,0,1,0,23212090.0
2025-02-28,47,7,72,47.0,15394690.0,2.0,1.0,0.0,1.0,1,0,0,2,0,2,0,0,4,1,0,0,1,0,0,0,0,1,0,43835091.0
2025-03-01,21,3,25,21.0,7708000.0,3.0,1.0,2.0,1.0,0,0,0,0,0,1,0,0,4,1,0,0,0,0,0,0,0,0,0,19576000.0
2025-03-02,18,2,14,18.0,5527702.0,3.0,1.0,3.0,0.0,0,0,0,0,0,1,0,0,1,0,0,0,1,0,0,0,0,0,0,15875510.0
2025-03-03,20,4,32,20.0,8844611.111111112,3.0,1.0,1.0,0.0,0,0,0,0,0,1,0,0,4,0,0,0,0,0,0,0,0,2,0,18708000.0
2025-03-04,31,2,30,31.0,8456869.42857143,3.0,1.0,5.0,0.0,0,0,0,1,0,4,0,0,2,0,0,0,1,0,0,0,0,0,0,27942940.0
2025-03-05,19,1,33,19.0,8004600.0,3.0,1.0,6.0,0.0,0,0,0,0,0,0,0,0,1,0,0,0,2,0,0,1,0,0,0,20648000.0
2025-03-06,26,3,41,26.0,10473373.0,3.0,1.0,4.0,0.0,1,0,1,1,0,1,0,0,1,1,0,0,1,0,0,0,0,1,0,24466861.0
2025-03-07,36,3,51,36.0,12448333.333333334,3.0,1.0,0.0,1.0,0,0,1,0,0,2,0,0,3,1,0,0,3,0,0,1,0,0,0,37116000.0
2025-03-08,37,3,62,37.0,10756766.333333334,3.0,1.0,2.0,1.0,0,0,0,0,0,3,0,0,2,0,0,0,1,0,0,0,1,1,0,33460656.0
2025-03-09,12,2,44,12.0,6575000.0,3.0,1.0,3.0,0.0,0,0,1,0,0,0,0,0,3,0,0,0,1,0,0,0,1,0,0,12730000.0
2025-03-10,27,1,40,27.0,9525667.666666666,3.0,1.0,1.0,0.0,0,0,0,2,0,0,0,0,1,0,0,0,3,0,0,0,0,0,0,28580004.0
2025-03-11,20,4,55,20.0,11050000.0,3.0,1.0,5.0,0.0,0,0,0,0,0,0,0,0,7,0,0,0,0,0,0,0,0,0,0,22920000.0
2025-03-12,27,3,53,27.0,9982455.285333334,3.0,1.0,6.0,0.0,0,0,0,0,0,2,0,0,3,1,0,0,1,0,0,0,0,1,0,28315560.98
2025-03-13,15,1,23,15.0,9436333.333333332,3.0,1.0,4.0,0.0,0,0,1,0,0,1,0,0,2,2,0,0,1,0,0,0,0,0,0,15047000.0
2025-03-14,37,6,72,37.0,13551397.309583332,3.0,1.0,0.0,1.0,0,0,1,2,0,2,0,0,2,0,0,0,2,0,0,0,1,1,0,34314674.15
2025-03-15,26,3,47,26.0,11163600.0,3.0,1.0,2.0,1.0,2,0,0,1,0,0,0,0,5,0,0,0,0,0,0,1,0,0,0,29483600.0
2025-03-16,12,2,38,12.0,8480001.0,3.0,1.0,3.0,0.0,0,0,0,1,0,2,0,0,4,0,0,0,0,0,0,0,0,1,0,12820001.0
2025-03-17,23,3,24,23.0,8020372.628888888,3.0,1.0,1.0,0.0,0,0,0,0,0,1,0,0,4,1,0,0,1,0,0,0,0,0,0,23120853.66
2025-03-18,17,2,32,17.0,8243586.428571429,3.0,1.0,5.0,0.0,0,0,0,1,0,0,0,0,2,0,0,0,1,0,0,0,1,1,0,16850030.0
2025-03-19,20,4,39,20.0,10037601.0,3.0,1.0,6.0,0.0,2,0,0,1,0,0,0,0,3,0,0,0,0,0,0,0,0,0,0,22655601.0
2025-03-20,22,4,25,22.0,8130266.666666666,3.0,1.0,4.0,0.0,1,0,0,1,0,0,0,0,4,0,0,0,0,0,0,0,0,0,0,22827200.0
2025-03-21,26,4,49,26.0,11248875.0,3.0,1.0,0.0,1.0,0,0,0,0,0,1,0,0,3,1,0,0,0,0,0,1,0,0,0,25861500.0
2025-03-22,16,4,31,16.0,7645800.0,3.0,1.0,2.0,1.0,0,0,0,0,0,1,0,0,3,1,0,0,0,0,0,1,0,0,0,14773000.0
2025-03-23,17,3,20,17.0,6584000.0,3.0,1.0,3.0,0.0,0,0,0,1,0,0,0,0,5,0,0,0,0,0,0,0,0,0,0,17717500.0
2025-03-24,11,1,16,11.0,6309625.0,3.0,1.0,1.0,0.0,0,0,0,1,0,0,0,0,3,0,0,0,0,0,0,0,0,0,0,11204500.0
2025-03-25,18,8,63,18.0,13177876.0,3.0,1.0,5.0,0.0,0,0,0,2,0,1,0,0,3,0,0,0,0,0,0,0,1,2,0,17895501.0
2025-03-26,25,5,63,25.0,14677250.0,3.0,1.0,6.0,0.0,0,0,0,1,0,2,0,0,7,1,0,0,0,0,0,1,1,0,0,25428500.0
2025-03-27,37,4,59,37.0,14881300.0,3.0,1.0,4.0,0.0,2,0,0,1,0,0,0,0,5,0,0,0,1,0,0,2,0,0,0,41851500.0
2025-03-28,32,4,35,32.0,13507666.666666666,3.0,1.0,0.0,1.0,0,0,0,0,0,0,0,0,5,1,0,0,0,0,0,2,0,0,0,34646000.0
2025-03-29,30,2,46,30.0,10171777.777777778,3.0,1.0,2.0,1.0,0,0,0,0,0,0,0,0,5,0,0,0,0,0,0,0,0,1,0,31960000.0
2025-03-30,55,8,62,55.0,17713190.476190478,3.0,1.0,3.0,0.0,0,0,0,1,0,1,0,0,7,0,0,0,0,0,0,2,1,1,0,56757000.0
2025-03-31,51,7,90,51.0,17491712.78787879,3.0,1.0,1.0,0.0,0,0,0,2,0,1,0,0,4,3,0,0,0,0,0,0,0,1,0,57268004.0
2025-04-01,52,10,79,52.0,18582532.467532467,4.0,1.0,5.0,0.0,1,0,0,1,0,0,0,0,7,0,0,0,0,0,0,0,1,1,0,55260000.0
2025-04-02,92,12,142,92.0,30164297.11904762,4.0,1.0,6.0,0.0,1,0,1,2,0,0,0,0,6,4,0,0,0,0,0,2,0,3,0,104129000.0
2025-04-03,78,16,147,78.0,32110332.333333332,4.0,1.0,4.0,0.0,0,0,0,6,0,0,0,0,7,2,0,0,0,0,0,4,1,1,0,88993499.0
2025-04-04,83,13,140,83.0,37693013.18809524,4.0,1.0,0.0,1.0,1,0,1,5,0,0,0,0,6,4,4,0,0,0,0,2,0,1,0,99268001.8
2025-04-05,56,11,116,56.0,27327834.333333332,4.0,1.0,2.0,1.0,0,0,0,4,0,0,0,0,10,1,0,0,0,0,0,1,0,0,0,71172001.0
2025-04-06,37,7,74,37.0,16320189.80952381,4.0,1.0,3.0,0.0,1,0,0,3,0,0,0,0,5,0,0,0,0,0,0,1,0,3,0,40409998.0
2025-04-07,32,7,37,32.0,12657214.285714285,4.0,1.0,1.0,0.0,0,0,0,0,0,1,0,0,3,2,0,0,0,0,0,1,2,1,0,30804000.0
2025-04-08,14,2,21,14.0,7313333.333333334,4.0,1.0,5.0,0.0,0,0,0,0,0,1,0,0,2,0,0,0,1,0,0,0,1,0,0,14740000.0
2025-04-09,17,4,29,17.0,7103750.0,4.0,1.0,6.0,0.0,0,0,0,0,0,1,0,0,3,0,0,0,0,0,0,0,0,0,0,16610000.0
2025-04-10,25,7,34,25.0,11931428.57142857,4.0,1.0,4.0,0.0,0,0,0,1,0,3,0,0,3,0,0,0,0,0,0,0,0,2,0,25860000.0
2025-04-11,30,5,55,30.0,14016499.5,4.0,1.0,0.0,1.0,0,0,0,2,0,1,0,0,6,2,0,0,1,0,0,1,0,0,0,31205499.0
2025-04-12,41,6,44,41.0,13172363.636363637,4.0,1.0,2.0,1.0,1,0,1,1,0,0,0,0,4,0,0,0,0,0,0,1,0,0,0,39416000.0
2025-04-13,18,2,30,18.0,7319777.777777778,4.0,1.0,3.0,0.0,0,0,0,0,0,2,0,0,2,1,0,0,1,0,0,0,0,0,0,20002000.0
2025-04-14,41,2,44,41.0,11393428.57142857,4.0,1.0,1.0,0.0,1,0,0,0,0,1,0,0,6,0,0,0,0,0,0,0,0,1,0,44170000.0
2025-04-15,38,4,64,38.0,13127047.61904762,4.0,1.0,5.0,0.0,0,0,0,0,0,2,0,0,5,1,0,0,0,0,0,0,0,1,0,41193500.0
2025-04-16,28,2,33,28.0,11336001.0,4.0,1.0,6.0,0.0,0,0,0,1,0,1,0,0,3,1,0,0,1,0,0,0,1,1,0,30040001.0
2025-04-17,41,4,41,41.0,12396000.0,4.0,1.0,4.0,0.0,0,0,0,0,0,1,0,0,3,1,0,0,1,0,0,1,1,2,0,42960000.0
